parameter,value
S_0,910.0
beta,36.50000000000001
gamma,5.214285714285714
rho,0.44999999999999996
