parameter,value
S_0,750.0
beta,60.83333333333336
gamma,5.214288485533331
rho,0.15
