parameter,value
S_0,998.0
beta,364.9999999990832
gamma,14.599999999725728
rho,0.4500000000490078
